trial,trialType,reactionTime,correctness
0,Blue,0.5573838409909513,-2
1,Red,0.47506436199182644,False
2,Blue,0.44756410500849597,-2
3,Red,0.45960239600390196,False
4,Blue,0.33852987398859113,-2
5,Red,0.4063726600143127,False
6,Blue,0.3767220670124516,-2
7,Blue,0.356720312993275,-2
8,Red,0.6271065309992991,False
9,Red,0.46998031399562024,False
