trial,keyPressed,reactionTime,correctness
0,v,1.459260132003692,True
1,n,1.3169279159992584,False
2,n,1.3625327540066792,False
