trial,keyPressed,reactionTime,correctness
0,v,1.679523300997971,True
1,b,1.2868931199991493,False
2,n,1.293805945002532,False
