Angle of Rotation,Direction,Eccentricity,Reaction Time (s)
0.0,2,0,0.32109904199751327
0.0,2,0,0.2495404170040274
0.0,0,0,0.36140775000239955
0.0,0,0,0.26579374999710126
0.0,2,0,0.28719379199901596
0.0,2,0,0.20830266700068023
0.0,0,0,0.2422852499948931
0.0,0,0,0.2548883330018725
0.0,2,0,0.25576708299922757
0.0,0,0,0.23042283399990993
